# A container's layout, read by the emitter. Nothing here is compiled in.
#
# The emitter knows the shape of the work: read a pattern's tables, put the code and the attributes in, lay the
# sections out again. It knows no offset, no width, no tag and no name. Those are here, and a container of another
# shape is another file of these rows.
#
# field	<name>	<offset>	<width>     a place in a header, in bytes
# size	<name>	<bytes>                 how long a thing is
# tag	<name>	<value>                 a number the format gives a meaning
# name	<name>	<text>                  a name the format defines, with {part} standing for the part's own
# container kernel <name>               the kernel the container the system accepted enters at
# container pattern <hex>               that container's bytes, sixty-four a row
#
# this one is the ELF64 a CUDA toolchain writes, read off cubins it built
#
# the file header
field	header.segment_table	32	8
field	header.section_table	40	8
field	header.segment_entry	54	2
field	header.segment_count	56	2
field	header.section_entry	58	2
field	header.section_count	60	2
field	header.strings_index	62	2
size	header	64
#
# one section header
field	section.name	0	4
field	section.type	4	4
field	section.offset	24	8
field	section.size	32	8
field	section.info	44	4
field	section.align	48	8
#
# a section of this type takes no bytes in the file: it is laid out at no length and keeps the size its header gives
tag	section.type_nobits	8
#
# one program header
field	segment.offset	8	8
field	segment.file_size	32	8
field	segment.memory_size	40	8
#
# one symbol
field	symbol.name	0	4
field	symbol.size	16	8
size	symbol	24
#
# The count of registers a thread holds sits in the top byte of the code section's info, and the symbol it names in
# the rest. A format that keeps it elsewhere moves these two rows and nothing else
tag	registers.shift	24
tag	registers.symbol_mask	16777215
#
# An attribute is a byte of format, a byte of attribute, two bytes of size, then the value
size	attribute.header	4
tag	attribute.format_value	4
tag	attribute.registers	47
tag	attribute.exits	28
#
# the sections the emitter puts the part's code and attributes into, and the two it reads
name	section.code	.text.{part}
name	section.part_info	.nv.info.{part}
name	section.program_info	.nv.info
name	section.symbols	.symtab
#
# how long one instruction is, which the emitter counts endings in, and how wide a table's entries are written
size	instruction	16
size	table.align	8
size	table.entry	8
#
# how many sections a container of this shape may hold, and the room one attribute section takes
size	sections.most	64
size	attributes.room	4096

# the container the system accepted, which every question is put in: the kernel it enters at, then its bytes
# in hex, sixty-four a row. A question's code, registers and exits replace the code's (cubin_pattern_read)
container kernel interface_ask
container pattern 7f454c460201014108000000000000000200be00010000000000000000000000800d000000000000000a0000000000000456000640003800030040000e000100
container pattern 002e7368737472746162002e737472746162002e73796d746162002e73796d7461625f73686e6478002e6e6f74652e6e762e746b696e666f002e6e6f74652e6e
container pattern 762e6375696e666f002e6e762e696e666f002e746578742e696e746572666163655f61736b002e6e762e696e666f2e696e746572666163655f61736b002e6e76
container pattern 2e7368617265642e696e746572666163655f61736b002e6e762e636f6e7374616e74302e696e746572666163655f61736b002e72656c2e6e762e636f6e737461
container pattern 6e74302e696e746572666163655f61736b002e64656275675f6672616d65002e72656c2e64656275675f6672616d65002e72656c612e64656275675f6672616d
container pattern 65002e6e762e63616c6c6772617068002e6e762e70726f746f74797065002e6e762e72656c2e616374696f6e00002e7368737472746162002e73747274616200
container pattern 2e73796d746162002e73796d7461625f73686e6478002e6e6f74652e6e762e746b696e666f002e6e6f74652e6e762e6375696e666f002e6e762e696e666f002e
container pattern 746578742e696e746572666163655f61736b002e6e762e696e666f2e696e746572666163655f61736b002e6e762e7368617265642e696e746572666163655f61
container pattern 736b002e72656c2e6e762e636f6e7374616e74302e696e746572666163655f61736b002e6e762e636f6e7374616e74302e696e746572666163655f61736b002e
container pattern 64656275675f6672616d65002e72656c2e64656275675f6672616d65002e72656c612e64656275675f6672616d65002e6e762e63616c6c6772617068002e6e76
container pattern 2e70726f746f74797065002e6e762e72656c2e616374696f6e00696e746572666163655f61736b00000000000000000000000000000000000000000000000000
container pattern 2900000003000500000000000000000000000000000000003900000003000600000000000000000000000000000000005200000003000d000000000000000000
container pattern 0000000000000000b600000003000c0000000000000000000000000000000000d200000003000400000000000000000000000000000000000201000003000900
container pattern 000000000000000000000000000000001e01000003000a00000000000000000000000000000000002d01000012100d0000000000000000000002000000000000
container pattern ffffffff2400000000000000ffffffffffffffff0300047cffffffff0f0c818080280008ff8180280881808028000000ffffffff340000000000000000000000
container pattern 0000000000000000000000000002000000000000040400000004140000000c81808028000430000000000000000000000c000000b4000000d00700004e564944
container pattern 494120436f7270000200000000000000140000001e0000004d0000007d000000696e2d6d656d6f72792d454c462d696d616765006e764a495420415049004375
container pattern 646120636f6d70696c6174696f6e20746f6f6c732c2072656c656173652031332e332c205631332e332e3333004275696c642073797374656d206d7573742064
container pattern 6566696e6520544f4f4c535f56455253494f4e5f455854454e444544004a49542041504920436f6d6d616e64204c696e65204f7074696f6e730000000c000000
container pattern 90000000d00700004e564944494120436f727000020000000000000001000000070000003600000066000000007074786173004375646120636f6d70696c6174
container pattern 696f6e20746f6f6c732c2072656c656173652031332e332c205631332e332e3333004275696c642073797374656d206d75737420646566696e6520544f4f4c53
container pattern 5f56455253494f4e5f455854454e444544002d6172636820736d5f3836202d63202000000c00000008000000e80300004e564944494120436f72700002005600
container pattern 85000000041108000800000000000000042f0800080000000a000000041208000800000000000000041c08005000000020010000035f0000031bff0004170c00
container pattern 000000000000000000f0210004170c00000000000100080000f0210004170c00000000000200100000f0110003191400040a0800040000006001140001350000
container pattern 0437040085000000046604000300000000000000ffffffff00000000feffffff00000000fdffffff00000000fcffffff73000000000000000000001125000536
container pattern 44000000000000000200000008000000000000000000000000000000000000000000000000000000000000000000000000000000000000000000000000000000
container pattern 00000000000000000000000000000000000000000000000000000000000000000000000000000000000000000000000000000000000000000000000000000000
container pattern 00000000000000000000000000000000000000000000000000000000000000000000000000000000000000000000000000000000000000000000000000000000
container pattern 00000000000000000000000000000000000000000000000000000000000000000000000000000000000000000000000000000000000000000000000000000000
container pattern 00000000000000000000000000000000000000000000000000000000000000000000000000000000000000000000000000000000000000000000000000000000
container pattern 00000000000000000000000000000000000000000000000000000000000000000000000000000000000000000000000000000000000000000000000000000000
container pattern 00000000000000000000000000000000000000000000000000000000000000000000000000000000000000000000000000000000000000000000000000000000
container pattern 027a0100000a0000000f000000e40f0019790400000000000025000000280e0019790300000000000021000000240e00247a04040000000003028e0700ca1f00
container pattern 0c7a0004005c00007060f00300da0f004d090000000000000000800300ea0f000278030020000000000f000000e20f00b97a040000460000000a000000c80f00
container pattern 257602040058000003008e0700ca0f00817900020400000000991e0c00a80e00817907020404000000991e0c00a20e000278050010000000000f000000ca0f00
container pattern 25760404005a000005008e0700ca0f0086790004ff0400000419100c00e80f0086790004ff0800000419100c00e80f0086790004ff0c00000419100c00e20f00
container pattern 1072070007000000ffe0ff0700ca4f0086790004070000000419100c00e20f004d790000000000000000800300ea0f0047790000f0ffffffffff830300c00f00
container pattern 18790000000000000000000000c00f0018790000000000000000000000c00f0018790000000000000000000000c00f0018790000000000000000000000c00f00
container pattern 18790000000000000000000000c00f0018790000000000000000000000c00f0018790000000000000000000000c00f0018790000000000000000000000c00f00
container pattern 18790000000000000000000000c00f0018790000000000000000000000c00f0018790000000000000000000000c00f0018790000000000000000000000c00f00
container pattern 00000000000000000000000000000000000000000000000000000000000000000000000000000000000000000000000000000000000000000000000000000000
container pattern 01000000030000000000000000000000000000000000000040000000000000002d01000000000000000000000000000001000000000000000000000000000000
container pattern 0b00000003000000000000000000000000000000000000006d010000000000003b01000000000000000000000000000001000000000000000000000000000000
container pattern 130000000200000000000000000000000000000000000000a802000000000000d800000000000000020000000800000008000000000000001800000000000000
container pattern d2000000010000000000000000000000000000000000000080030000000000007000000000000000000000000000000001000000000000000000000000000000
container pattern 290000000700000000000002000000000000000000000000f0030000000000007401000000000000000000000000000004000000000000000000000000000000
container pattern 39000000070000000000000100000000000000000000000064050000000000002000000000000000050000000000000004000000000000000000000000000000
container pattern 49000000000000700000000000000000000000000000000084050000000000002400000000000000030000000000000004000000000000000000000000000000
container pattern 660000000000007040000000000000000000000000000000a8050000000000006800000000000000030000000d00000004000000000000000000000000000000
container pattern 02010000010000700000000000000000000000000000000010060000000000002000000000000000030000000000000004000000000000000800000000000000
container pattern 1e0100000b0000700000000000000000000000000000000030060000000000001000000000000000000000000000000008000000000000000800000000000000
container pattern df000000090000004000000000000000000000000000000040060000000000001000000000000000030000000400000008000000000000001000000000000000
container pattern 96000000010000004200000000000000000000000000000050060000000000007401000000000000000000000d00000004000000000000000000000000000000
container pattern 52000000010000000600000000000000000000000000000000080000000000000002000000000000030000000800000a80000000000000000000000000000000
container pattern 0600000005000000800d00000000000000000000000000000000000000000000a800000000000000a80000000000000008000000000000000100000005000000
container pattern 500600000000000000000000000000000000000000000000b003000000000000b00300000000000008000000000000000100000005000000800d000000000000
container pattern 00000000000000000000000000000000a800000000000000a8000000000000000800000000000000
