# Prose findings per file, the most each file may carry. docs_check --ratchet reads it.
# A count may fall and never rise: a commit that raises one is stopped, and a commit that
# lowers one writes the lower number here. Regenerate by hand with --ratchet-write only when a
# file moves, since a moved file starts again at zero under its new name.
docs/ENGINE_DIRECTIONS.md	1
src/cu/engine/engine_seal.cu	1
src/cu/types/integers/arm.cu	1
src/import/audit/conserve_headers.py	6
src/import/audit/sweep_phase.ps1	3
src/import/check/language_of_nature.py	5
src/import/prose/build_assistant_pole.py	4
src/import/prose/dependence_decay.py	53
src/import/prose/docs_check.py	84
src/import/prose/gate.py	3
src/import/prose/prosody_rate.py	6
src/sims/cu/types/integers/chaitin_omega/chaitin_omega_main.cu	2
theory/theory/boundary/bibliography.tex	2
utils/maint/audit/comb_arms.py	1
utils/maint/audit/grammar.py	1
utils/maint/audit/handedness.py	1
utils/maint/chain/leak_series.py	2
utils/maint/data/salishan/corpus_script_extraction/coverage_check.py	1
utils/maint/data/salishan/corpus_script_extraction/extract_garcia.py	1
utils/maint/data/salishan/corpus_script_extraction/extract_lindley_lyon.py	1
utils/maint/data/salishan/corpus_script_extraction/extract_lyon_priests.py	1
utils/maint/data/salishan/corpus_script_extraction/extract_matthewson_redan.py	2
utils/maint/data/salishan/corpus_script_extraction/glyph_names.py	2
utils/maint/data/salishan/corpus_script_extraction/space_repair.py	1
utils/maint/data/salishan/draft_page_text.py	1
utils/maint/data/salishan/get_papers.py	1
utils/maint/data/salishan/hand_extraction/oracle_check.py	3
utils/maint/data/salishan/hand_extraction/papers.py	1
utils/maint/data/salishan/lyon_encoding.py	12
utils/maint/data/salishan/orior_algorithmic_extraction/symbol_sift.py	1
src/cu/scaffolding/sass_lane_needs.cpp	2
utils/maint/prose/check_fixes.py	3
utils/maint/prose/dependence_decay.py	2
utils/maint/prose/submission_check.py	2
utils/test/src/cu/engine/runtime/daemon/run.sh	1
