phrase	plain	section
at this point in time	now	2.5.1
in the vicinity of	near	2.5.1
it is clear that	clearly	2.5.1
in order to	to	2.5.1
in consideration of the fact that	because	2.5.1
in view of the fact that	because	2.5.1
due to the fact that	because	2.5.1
given the fact that	because	2.5.1
joint cooperation	cooperation	2.5.2
advance planning	planning	2.5.2
completely destroyed	destroyed	2.5.2
advance warning	warning	2.5.2
absolutely essential	essential	2.5.2
past experience	experience	2.5.2
forecast for the future	forecast	2.5.2
predict in advance	predict	2.5.2
12 noon	noon	2.5.2
hidden pitfall	pitfall	2.5.2
postpone until later	postpone	2.5.2
whether or not	whether	2.5.2
specific example	example	2.5.2
established tradition	tradition	2.5.2
depreciate in value	depreciate	2.5.2
completely ignored	ignored	2.5.2
general consensus	consensus	2.5.2
cease and desist	stop	2.5.4
begin and commence	start	2.5.4
measure and breadth	scope	2.5.4
in a timely manner	promptly	2.5.5
in a rapid manner	rapidly	2.5.5
on a periodic basis	periodically	2.5.5
in an unusual fashion	unusually	2.5.5
in an unpredictable way	unpredictably	2.5.5
did not remember	forgot	2.6.3
not on time	late	2.6.3
does not consider	ignores	2.6.3
did not bother	neglected	2.6.3
not precise	imprecise	2.6.3
made the decision	decided	2.3.3
did a study of	studied	2.3.3
gives the indication that	indicates	2.3.3
has the tendency to	tends	2.3.3
provided an explanation	explained	2.3.3
performed an assessment	assessed	2.3.3
conducted a review	reviewed	2.3.3
abovementioned	this, that, these, those	Appendix A
aforesaid	this, that, these, those	Appendix A
attached please find	attached is	Appendix A
enclosed please find	enclosed is	Appendix A
including, but not limited to	including	Appendix A
prior to	before	Appendix A
subsequent to	after	Appendix A
subsequently	later	Appendix A
utilize	use	Appendix A
utilizes	uses	Appendix A
utilized	used	Appendix A
utilizing	using	Appendix A
proactive	act, anticipate, preempt	Appendix A
vis-à-vis	about	Appendix A
herein		Appendix A
hereto		Appendix A
herewith		Appendix A
is comprised of	is composed of	Appendix A
are comprised of	are composed of	Appendix A
